Prompt,Theme
"5 morning habits that changed my productivity","Personal Development"
"The hidden gem restaurant in my hometown","Travel and Food"
"How I saved $500 this month without sacrificing quality of life","Personal Finance"
"Sunrise meditation spot that takes my breath away","Wellness and Mindfulness"
"Unexpected lesson I learned from my latest book","Personal Growth"
"Behind-the-scenes of my work setup","Professional Life"
"Transformation journey: From beginner to confident","Fitness and Health"
"Secret tool that revolutionized my workflow","Productivity"
"Cultural tradition that inspires me","Cultural Appreciation"
"Life hack that saves me hours every week","Lifestyle"
"Moment that reminded me why I love my career","Professional Inspiration"
"Unexpected skill I picked up during lockdown","Personal Development"
"Recipe that connects me to my roots","Food and Culture"
"Technology that's changing my industry","Professional Insights"
"Daily routine that keeps me balanced","Wellness"
"Lesson learned from a recent failure","Personal Growth"
"Hidden talent that surprises everyone","Personal Branding"
"Travel destination that challenged my perspective","Travel"
"Sustainable practice I'm implementing","Environmental Awareness"
"Conversation that changed my worldview","Personal Reflection"
"My approach to work-life balance","Lifestyle"
"Unexpected source of motivation","Personal Development"
"Simple DIY project anyone can try","Creativity"
"Skill I'm currently mastering","Learning and Growth"
"Perspective shift that improved my mental health","Wellness"
"Local community initiative I'm passionate about","Social Impact"
"Technology that makes my life easier","Innovation"
"Unexpected benefit of my current lifestyle","Personal Insights"
"Creative solution to a daily challenge","Problem Solving"
"Moment of unexpected kindness","Inspirational"
"My strategy for staying motivated","Personal Development"
"Cultural experience that broadened my horizons","Cultural Exploration"
"Unique hobby that keeps me grounded","Personal Interest"
"Professional milestone I'm proud of","Career"
"Unexpected lesson from a mentor","Professional Growth"
"My approach to continuous learning","Education"
"Life-changing book recommendation","Reading and Knowledge"
"Sustainable living tip that anyone can adopt","Environmental"
"Perspective on current industry trends","Professional Insights"
"Personal challenge that transformed me","Personal Growth"
"Unexpected connection I made","Networking"
"Creative way I manage stress","Wellness"
"Innovative side project I'm working on","Entrepreneurship"
"Cultural tradition I'm keeping alive","Heritage"
"Unique perspective on a common problem","Critical Thinking"
"My strategy for personal branding","Professional Development"
"Unexpected benefit of stepping out of comfort zone","Personal Growth"
"Local hero who inspires me","Community"
"Technology that's revolutionizing my field","Innovation"
"My approach to mental health","Wellness"
"Unexpected lesson from a recent trip","Travel"
"Creative way I stay productive","Productivity"
"Personal value that guides my decisions","Personal Development"
"Unique skill I'm developing","Learning"
"Moment that redefined success for me","Personal Reflection"
"My sustainable fashion choice","Environmental Awareness"
"Unexpected source of inspiration","Motivational"
"Community project I'm supporting","Social Impact"
"Professional challenge that taught me resilience","Career Growth"
"Creative solution to an everyday problem","Innovation"
"Cultural fusion in my daily life","Cultural Appreciation"
"My approach to financial wellness","Personal Finance"
"Unexpected benefit of networking","Professional Development"
"Life philosophy that keeps me motivated","Personal Insights"
"Unique perspective on current events","Social Commentary"
"Personal ritual that brings me peace","Wellness"
"Technology that's improving my workflow","Productivity"
"Unexpected lesson from a failure","Personal Growth"
"My strategy for work-life integration","Lifestyle"
"Creative way I'm supporting local businesses","Community"
"Professional skill I'm Currently developing","Career"
"Moment that challenged my perspective","Personal Reflection"
"Unique approach to personal development","Self-Improvement"
"Cultural tradition I'm introducing to my family","Family and Culture"
"Unexpected source of learning","Education"
"My approach to sustainable living","Environmental Awareness"
"Professional milestone that surprised me","Career"
"Creative solution to a personal challenge","Problem Solving"
"Unexpected benefit of mindfulness","Wellness"
"Local initiative making a difference","Community Impact"
"Technology that's changing my daily routine","Innovation"
"My perspective on continuous learning","Personal Development"
"Unique cultural experience that shaped me","Cultural Exploration"
"Professional networking tip","Career"
"Unexpected lesson from a mentor","Personal Growth"
"My approach to creativity","Innovation"
"Cultural fusion in my workplace","Professional Culture"
"Sustainable practice I'm championing","Environmental"
"Personal challenge that redefined success","Motivational"
"Unexpected source of professional inspiration","Career Development"
"My strategy for mental resilience","Wellness"
"Creative way I'm preserving my heritage","Cultural Appreciation"
"Technology that simplifies my life","Innovation"
"Unexpected benefit of stepping outside comfort zone","Personal Growth"
"My approach to lifelong learning","Education"
"Local community hero","Inspirational"
"Professional skill that surprised me","Career"
"Unique perspective on work-life balance","Lifestyle"
"Cultural tradition that keeps me grounded","Cultural Heritage"
"Unexpected lesson from a recent project","Professional Development"
"My strategy for personal branding","Career"
"Creative solution to environmental challenge","Sustainability"
"Professional milestone that taught me humility","Personal Reflection"
"Unexpected source of motivation","Inspirational"
"My approach to mindful technology use","Digital Wellness"
"Cultural fusion in my personal style","Cultural Expression"
"Technology that connects me to my roots","Innovation"
"Unexpected benefit of networking","Professional Growth"
"My strategy for maintaining creativity","Personal Development"
"Local initiative solving global problem","Social Impact"
"Professional challenge that built resilience","Career"
"Unique approach to personal finance","Financial Wellness"
"Cultural experience that changed my perspective","Cultural Exploration"
"Unexpected lesson from a travel experience","Travel"
"My approach to sustainable fashion","Environmental Awareness"
"Professional skill I'm reimagining","Career Development"
"Creative way I'm supporting mental health","Wellness"
"Unexpected source of professional inspiration","Career"
"My strategy for work-life harmony","Lifestyle"
"Cultural tradition reinvented for modern times","Cultural Innovation"
"Technology that empowers my community","Social Impact"
"Unexpected benefit of continuous learning","Education"
"My approach to digital minimalism","Digital Wellness"
"Professional milestone that challenged me","Career"
"Unique perspective on personal growth","Self-Improvement"
"Cultural fusion in my professional network","Professional Culture"
"Unexpected lesson from a creative project","Innovation"
"My strategy for sustainable living","Environmental"
"Local hero transforming community","Inspirational"
"Professional skill that opened new opportunities","Career Development"
"Unexpected source of personal motivation","Personal Growth"
"My approach to holistic wellness","Wellness"
"Cultural tradition I'm modernizing","Cultural Innovation"
"Technology that bridges generations","Innovation"
"Unexpected benefit of cultural exchange","Cultural Appreciation"
"My strategy for professional resilience","Career"
"Creative solution to personal challenge","Problem Solving"
"Professional milestone that surprised me","Career Reflection"
"Unique approach to mental health","Wellness"
"Cultural experience that expanded my worldview","Cultural Exploration"
"Unexpected lesson from a mentor","Personal Development"
"My approach to sustainable technology","Environmental Innovation"
"Local initiative driving change","Community Impact"
"Professional skill that defines me","Career"
"Unexpected source of inspiration","Motivational"
"My strategy for creative problem-solving","Innovation"
"Cultural fusion in personal communication","Cultural Expression"
"Technology that supports mental wellness","Digital Wellness"
"Unexpected benefit of professional networking","Career Development"
"My approach to lifelong curiosity","Learning"
"Professional challenge that became opportunity","Career Growth"
"Unique perspective on personal branding","Professional Development"
"Cultural tradition that connects generations","Cultural Heritage"
"Unexpected lesson from a travel mishap","Travel"
"My strategy for mindful technology use","Digital Wellness"
"Local community project making impact","Social Impact"
"Professional skill I'm revolutionizing","Career Innovation"
"Unexpected source of professional growth","Career Development"
"My approach to sustainable entrepreneurship","Entrepreneurship"
"Cultural experience that challenged stereotypes","Cultural Awareness"
"Technology bridging professional gaps","Innovation"
"Unexpected benefit of cultural immersion","Cultural Exploration"
"My strategy for personal resilience","Personal Growth"
"Professional milestone that redefined success","Career Reflection"
"Unique approach to work-life integration","Lifestyle"
"Cultural fusion in problem-solving","Cultural Innovation"
"Unexpected lesson from a collaborative project","Professional Development"
"My approach to digital well-being","Digital Wellness"
"Local hero inspiring innovation","Inspirational"
"Professional skill that tells my story","Career Branding"
"Unexpected source of community connection","Community"
"My strategy for sustainable creativity","Innovation"
"Cultural tradition reimagined","Cultural Expression"
"Technology supporting personal growth","Personal Development"
"Unexpected benefit of professional mentorship","Career Growth"